{
    "mu": [
        0.37771411734605803,
        0.23575211958581618,
        0.30924025192428,
        0.10699118433962831,
        0.3143691860063482,
        0.121021874418981,
        0.10749264470040816,
        0.1884912748050376,
        0.08419418238217174,
        0.16162146494962748,
        0.45792539139953065,
        0.42155071855677717,
        0.0880207166572827,
        0.1497424648421449,
        0.19091834839787647
    ],
    "S": {
        "AAPL": {
            "AAPL": 0.11248359933347046,
            "ADBE": 0.05425294256345355,
            "AMD": 0.07195606560940757,
            "AMGN": 0.029238263999165136,
            "AMZN": 0.05811404905345454,
            "CMCSA": 0.03700082426701038,
            "CSCO": 0.04607071871019966,
            "GILD": 0.029924569677126613,
            "INTC": 0.050348862827380464,
            "MSFT": 0.04697961300722751,
            "NFLX": 0.05116995462401834,
            "NVDA": 0.0753326529464359,
            "PEP": 0.020615478251067812,
            "QCOM": 0.0535185131224289,
            "SBUX": 0.04134155881169992
        },
        "ADBE": {
            "AAPL": 0.05425294256345355,
            "ADBE": 0.11862911830294229,
            "AMD": 0.08326939348768062,
            "AMGN": 0.032827218732658016,
            "AMZN": 0.0630963971938529,
            "CMCSA": 0.04517654794666592,
            "CSCO": 0.05010239905406052,
            "GILD": 0.034070161220101695,
            "INTC": 0.055591581091391805,
            "MSFT": 0.05678991253419711,
            "NFLX": 0.06091012086648881,
            "NVDA": 0.088304893246924,
            "PEP": 0.024222554405107788,
            "QCOM": 0.05580227783197441,
            "SBUX": 0.048335478959965185
        },
        "AMD": {
            "AAPL": 0.07195606560940757,
            "ADBE": 0.08326939348768062,
            "AMD": 0.3311282754810153,
            "AMGN": 0.03290566467796932,
            "AMZN": 0.07645226358832594,
            "CMCSA": 0.05408194301058683,
            "CSCO": 0.06407931861707104,
            "GILD": 0.03908124341998874,
            "INTC": 0.0811302902729633,
            "MSFT": 0.06258858128335255,
            "NFLX": 0.08032888255157596,
            "NVDA": 0.14670366916825622,
            "PEP": 0.024099494992541454,
            "QCOM": 0.07949862148655167,
            "SBUX": 0.05848739583291122
        },
        "AMGN": {
            "AAPL": 0.029238263999165136,
            "ADBE": 0.032827218732658016,
            "AMD": 0.03290566467796932,
            "AMGN": 0.06649081911178718,
            "AMZN": 0.03137144082835555,
            "CMCSA": 0.02996318354116817,
            "CSCO": 0.02837644462963829,
            "GILD": 0.03724353550589112,
            "INTC": 0.031542349259792435,
            "MSFT": 0.0294141955973574,
            "NFLX": 0.02811042735930339,
            "NVDA": 0.03685041659064937,
            "PEP": 0.019069961774022152,
            "QCOM": 0.03054606022411032,
            "SBUX": 0.02782883496957845
        },
        "AMZN": {
            "AAPL": 0.05811404905345454,
            "ADBE": 0.0630963971938529,
            "AMD": 0.07645226358832594,
            "AMGN": 0.03137144082835555,
            "AMZN": 0.15276565061251113,
            "CMCSA": 0.04041222006687707,
            "CSCO": 0.04725767080717555,
            "GILD": 0.03591370176246397,
            "INTC": 0.050409593177010194,
            "MSFT": 0.053876806916985855,
            "NFLX": 0.0815982653260791,
            "NVDA": 0.07950942670440668,
            "PEP": 0.020875296982482954,
            "QCOM": 0.05589272273541475,
            "SBUX": 0.0493669444950244
        },
        "CMCSA": {
            "AAPL": 0.03700082426701038,
            "ADBE": 0.04517654794666592,
            "AMD": 0.05408194301058683,
            "AMGN": 0.02996318354116817,
            "AMZN": 0.04041222006687707,
            "CMCSA": 0.08222563493750756,
            "CSCO": 0.04104003594637783,
            "GILD": 0.029895438917755965,
            "INTC": 0.04392223169038185,
            "MSFT": 0.03758092664728438,
            "NFLX": 0.03626592864098885,
            "NVDA": 0.0552048522639602,
            "PEP": 0.023110049884287658,
            "QCOM": 0.042552260038689824,
            "SBUX": 0.03919570815038375
        },
        "CSCO": {
            "AAPL": 0.04607071871019966,
            "ADBE": 0.05010239905406052,
            "AMD": 0.06407931861707104,
            "AMGN": 0.02837644462963829,
            "AMZN": 0.04725767080717555,
            "CMCSA": 0.04104003594637783,
            "CSCO": 0.08420988468353069,
            "GILD": 0.02997047143187582,
            "INTC": 0.05277651212747176,
            "MSFT": 0.04545693603194204,
            "NFLX": 0.0419356742036077,
            "NVDA": 0.07006685481055824,
            "PEP": 0.022907699456163593,
            "QCOM": 0.047040106615816785,
            "SBUX": 0.041517954600633795
        },
        "GILD": {
            "AAPL": 0.029924569677126613,
            "ADBE": 0.034070161220101695,
            "AMD": 0.03908124341998874,
            "AMGN": 0.03724353550589112,
            "AMZN": 0.03591370176246397,
            "CMCSA": 0.029895438917755965,
            "CSCO": 0.02997047143187582,
            "GILD": 0.09172050813353717,
            "INTC": 0.03331963953374003,
            "MSFT": 0.029165570301398987,
            "NFLX": 0.03313690747796773,
            "NVDA": 0.04229762766198635,
            "PEP": 0.017644357120073607,
            "QCOM": 0.030969883115049966,
            "SBUX": 0.028541293875392997
        },
        "INTC": {
            "AAPL": 0.050348862827380464,
            "ADBE": 0.055591581091391805,
            "AMD": 0.0811302902729633,
            "AMGN": 0.031542349259792435,
            "AMZN": 0.050409593177010194,
            "CMCSA": 0.04392223169038185,
            "CSCO": 0.05277651212747176,
            "GILD": 0.03331963953374003,
            "INTC": 0.09955584323596339,
            "MSFT": 0.051286956610019245,
            "NFLX": 0.048757665486594465,
            "NVDA": 0.08607761886759839,
            "PEP": 0.023841274170359385,
            "QCOM": 0.0573713907012939,
            "SBUX": 0.04223133066081953
        },
        "MSFT": {
            "AAPL": 0.04697961300722751,
            "ADBE": 0.05678991253419711,
            "AMD": 0.06258858128335255,
            "AMGN": 0.0294141955973574,
            "AMZN": 0.053876806916985855,
            "CMCSA": 0.03758092664728438,
            "CSCO": 0.04545693603194204,
            "GILD": 0.029165570301398987,
            "INTC": 0.051286956610019245,
            "MSFT": 0.07477583438710382,
            "NFLX": 0.04397307351401452,
            "NVDA": 0.06922229247873067,
            "PEP": 0.02307551683555663,
            "QCOM": 0.046761659572779474,
            "SBUX": 0.039627100128749655
        },
        "NFLX": {
            "AAPL": 0.05116995462401834,
            "ADBE": 0.06091012086648881,
            "AMD": 0.08032888255157596,
            "AMGN": 0.02811042735930339,
            "AMZN": 0.0815982653260791,
            "CMCSA": 0.03626592864098885,
            "CSCO": 0.0419356742036077,
            "GILD": 0.03313690747796773,
            "INTC": 0.048757665486594465,
            "MSFT": 0.04397307351401452,
            "NFLX": 0.2955729495775409,
            "NVDA": 0.08230324381335498,
            "PEP": 0.01710804889938377,
            "QCOM": 0.04710752366570815,
            "SBUX": 0.04395479721827795
        },
        "NVDA": {
            "AAPL": 0.0753326529464359,
            "ADBE": 0.088304893246924,
            "AMD": 0.14670366916825622,
            "AMGN": 0.03685041659064937,
            "AMZN": 0.07950942670440668,
            "CMCSA": 0.0552048522639602,
            "CSCO": 0.07006685481055824,
            "GILD": 0.04229762766198635,
            "INTC": 0.08607761886759839,
            "MSFT": 0.06922229247873067,